"state_abbr","brand_name","technology","count"
"AK","ALASKA COMMUNICATIONS",10,"51073"
"AK","Alaska Telephone Company",10,"114"
"AK","Arctic Slope Telephone Association Cooperative, Inc.",10,"364"
"AK","Bush-Tell",10,"143"
"AK","Copper Valley Telephone",10,"175"
"AK","Cordova Telephone Cooperative",10,"20"
"AK","Fastwyre Broadband",10,"3377"
"AK","Matanuska Telecom Association Inc.",10,"3429"
"AK","OTZ",10,"1331"
"AK","United Utilities, Inc.",10,"1546"
"AK","Fastwyre Broadband",40,"579"
"AK","ALASKA COMMUNICATIONS",50,"344"
"AK","HughesNet",60,"35624"
"AK","ALASKA COMMUNICATIONS",70,"763"
"AK","AP&T Wireless, Inc.",70,"46"
"AK","GCI Communication Corp.",70,"1835"
"AK","ALASKA COMMUNICATIONS",71,"622"
"AL","AT&T Inc",10,"186192"
"AL","Blountsville Telephone LLC",10,"323"
"AL","Brightspeed",10,"171061"
"AL","Brindlee Mountain Telephone LLC",10,"1186"
"AL","Castleberry Communications",10,"120"
"AL","Consolidated Communications",10,"284"
"AL","Fusion",10,"1"
"AL","Hayneville TelCO/Fiber",10,"550"
"AL","Hopper Telecommunications LLC",10,"617"
"AL","Millry Communications",10,"1316"
"AL","Otelco Telephone LLC",10,"151"
"AL","TDS Telecom",10,"2365"
"AL","TEC, Cherokee Division",10,"41"
"AL","TEC, Roanoke Division",10,"19"
"AL","Telefonica",10,"18"
"AL","TPx Communications",10,"1"
"AL","Windstream Alabama, LLC",10,"1634"
"AL","Windstream Georgia Communications, LLC",10,"12"
"AL","Brightspeed",50,"76"
"AL","Telefonica",50,"2"
"AL","Conexus Communications Inc",70,"293"
"AL","Cyber Broadband",70,"6861"
"AL","Eagle Internet LLC",70,"59"
"AL","Weiss Internet",70,"59"
"AL","AT&T Inc",71,"669"
"AL","T-Mobile US",71,"718813"
"AR","ARTELCO",10,"381"
"AR","AT&T Inc",10,"110123"
"AR","Brightspeed",10,"131910"
"AR","Madison County Telephone Company",10,"249"
"AR","Magazine Telephone Company",10,"429"
"AR","Mountain View Telephone Company",10,"1239"
"AR","Northern Arkansas Telephone Company Inc",10,"3681"
"AR","Rice Belt Telephone Company Inc",10,"69"
"AR","Ritter Communications Inc.",10,"2047"
"AR","Scott County Telephone Company, LLC",10,"218"
"AR","SOUTH ARKANSAS TELEPHONE COMPANY",10,"334"
"AR","Valor Telecommunications of Texas, LP",10,"1712"
"AR","Walnut Hill Telephone Company",10,"1987"
"AR","Windstream Arkansas, LLC",10,"12536"
"AR","Windstream Communications, Inc.",10,"689"
"AR","Yelcot Holding Group Inc",10,"267"
"AR","Brightspeed",50,"1125"
"AR","UPN",50,"21"
"AR","Bethesda Wireless and Fiber",70,"432"
"AR","BPS Networks",70,"4506"
"AR","Brightspeed",70,"1682"
"AR","Magazine Telephone Company",70,"71"
"AR","AT&T Inc",71,"165"
"AR","Pine Cellular Phones",71,"2"
"AR","T-Mobile US",71,"514699"
"AZ","Peerless Network",0,"1"
"AZ","CenturyLink",10,"402943"
"AZ","Fusion",10,"5"
"AZ","SOUTH CENTRAL COMMUNICATIONS",10,"54"
"AZ","Table Top Telephone",10,"217"
"AZ","TDS Telecom",10,"589"
"AZ","Telefonica",10,"11"
"AZ","TPx Communications",10,"10"
"AZ","Mediacom_Arizona_LLC",40,"1918"
"AZ","CenturyLink",50,"208"
"AZ","Crown Castle Fiber LLC",50,"2"
"AZ","Quantum Fiber",50,"9"
"AZ","Telefonica",50,"2"
"AZ","Fusion",70,"1"
"AZ","One Ring Networks",70,"3"
"AZ","Table Top Telephone",70,"17"
"AZ","TWN Communications",70,"618355"
"AZ","Verde Valley Internet",70,"658"
"AZ","Choice Wireless",71,"53790"
"AZ","One Ring Networks",71,"2"
"AZ","T-Mobile US",71,"858108"
"AZ","Verde Valley Internet",72,"157"
"CA","Peerless Network",0,"5"
"CA","AT&T Inc",10,"745142"
"CA","Cal-Ore Communications, Inc.",10,"465"
"CA","Consolidated Communications",10,"1288"
"CA","Ducor Telephone Company",10,"202"
"CA","Foresthill Telephone",10,"35"
"CA","Fusion",10,"59"
"CA","Kerman Telephone",10,"52"
"CA","Sierra Telephone Company, Inc.",10,"1279"
"CA","South Valley Internet",10,"22"
"CA","TDS Telecom",10,"1091"
"CA","Telefonica",10,"41"
"CA","The Ponderosa Internet",10,"523"
"CA","The Siskiyou Telephone Company",10,"178"
"CA","TPx Communications",10,"638"
"CA","Volcano Vision",10,"7"
"CA","Optimum",40,"1"
"CA","BAI Connect",50,"8"
"CA","Cogent Communication",50,"1"
"CA","Crown Castle Fiber LLC",50,"1384"
"CA","S-Net Communications",50,"1"
"CA","Telefonica",50,"4"
"CA","CALTEL Connections",70,"130"
"CA","CCT Telecomm",70,"14"
"CA","Kern Valley Wireless| Inc",70,"73"
"CA","North Coast Internet",70,"964"
"CA","OACYS Technology",70,"6674"
"CA","One Ring Networks",70,"131"
"CA","PlumasSierraTelecommunications",70,"11"
"CA","Ranch Wifi LLC",70,"318"
"CA","Ridge Wireless Inc",70,"67"
"CA","Rise Broadband",70,"57"
"CA","SDWISP",70,"1"
"CA","South Valley Internet",70,"83"
"CA","TWN Communications",70,"1651"
"CA","Valley Communications Association, Inc.",70,"7"
"CA","Volcano Vision",70,"632"
"CA","Wi-Fiber Inc",70,"130"
"CA","Wireless Internet Services",70,"1535"
"CA","AT&T Inc",71,"2256"
"CA","Choice Wireless",71,"3"
"CA","One Ring Networks",71,"16"
"CA","T-Mobile US",71,"2879188"
"CA","Aan Chuuphan",72,"143"
"CA","North Coast Internet",72,"376"
"CO","Agate Mutual Telephone Cooperative Association, Inc",10,"3"
"CO","Allstream Business US, LLC",10,"3"
"CO","Bijou Telephone Cooperative Association Inc.",10,"67"
"CO","CenturyLink",10,"353529"
"CO","Consolidated Communications",10,"365"
"CO","Dubois Telephone Exchange Inc.",10,"12"
"CO","Eastern Slope Rural Telephone Association, Inc.",10,"198"
"CO","FBA FTC 063023",10,"102"
"CO","Fusion",10,"1"
"CO","Great Plains Communications LLC",10,"2"
"CO","Haxtun Telephone Company",10,"804"
"CO","Nucla-Naturita Telephone Company",10,"48"
"CO","Pine Drive Telephone Co",10,"20"
"CO","""Pioneer Communications""",10,"5"
"CO","TDS Telecom",10,"843"
"CO","TPx Communications",10,"1"
"CO","CenturyLink",50,"151"
"CO","Crown Castle Fiber LLC",50,"1"
"CO","Quantum Fiber",50,"2"
"CO","AlignTec Incorporated",70,"90"
"CO","Dubois Telephone Exchange Inc.",70,"13"
"CO","Kentec Communications, Inc.",70,"2054"
"CO","Nimbus Solutions",70,"731"
"CO","NNTC Wireless",70,"2"
"CO","Peetz Cooperative-Peetz Communications",70,"556"
"CO","Rise Broadband",70,"28834"
"CO","South Park",70,"1693"
"CO","ZIRKEL Wireless",70,"79"
"CO","CenturyLink",71,"5"
"CO","Choice Wireless",71,"9994"
"CO","Nimbus Solutions",71,"15"
"CO","NNTC Wireless",71,"179"
"CO","Nucla-Naturita Telephone Company",71,"165"
"CO","T-Mobile US",71,"662655"
"CO","ZIRKEL Wireless",71,"40"
"CO","CenturyLink",72,"18"
"CO","Nimbus Solutions",72,"150"
"CO","Rise Broadband",72,"166"
"CT","Crown Castle Fiber LLC",10,"29"
"CT","Fusion",10,"3"
"CT","TPx Communications",10,"4"
"CT","Verizon",10,"2977"
"CT","Crown Castle Fiber LLC",50,"2127"
"CT","Fusion",70,"1"
"CT","T-Mobile US",71,"457337"
"DC","Allied Telecom Group, LLC",10,"8"
"DC","Atlantech Online, Inc.",10,"2"
"DC","Fusion",10,"6"
"DC","Verizon",10,"16109"
"DC","Allied Telecom Group, LLC",50,"1"
"DC","Crown Castle Fiber LLC",50,"80"
"DC","T-Mobile US",71,"26570"
"DE","Verizon",10,"89511"
"DE","Crown Castle Fiber LLC",50,"253"
"DE","T-Mobile US",71,"138631"
"FL","AT&T Inc",10,"195178"
"FL","CenturyLink",10,"533984"
"FL","Consolidated Communications",10,"3658"
"FL","Crown Castle Fiber LLC",10,"25"
"FL","Fusion",10,"21"
"FL","Northeast Florida Telephone Company",10,"1147"
"FL","Quantum Fiber",10,"26"
"FL","Smart City Telecommunications LLC",10,"1"
"FL","TDS Telecom",10,"393"
"FL","Telefonica",10,"76"
"FL","TPx Communications",10,"1"
"FL","Windstream Florida, Inc.",10,"4710"
"FL","CenturyLink",50,"895"
"FL","Crown Castle Fiber LLC",50,"1559"
"FL","Quantum Fiber",50,"4"
"FL","Telefonica",50,"10"
"FL","Telesystem",50,"3"
"FL","AT&T Inc",71,"844"
"FL","T-Mobile US",71,"2028210"
"GA","Alma Telephone",10,"1756"
"GA","AT&T Inc",10,"283977"
"GA","Brightspeed",10,"18877"
"GA","Chickamauga Telephone Corporation",10,"812"
"GA","Citizens Telephone Company",10,"1351"
"GA","Consolidated Communications",10,"51"
"GA","ETC",10,"5242"
"GA","Fusion",10,"7"
"GA","Georgia Windstream, LLC.",10,"8973"
"GA","Glenwood Telephone Company",10,"11"
"GA","RINGGOLD TELEPHONE COMPANY",10,"741"
"GA","S&A Telephone Co., Inc.",10,"8"
"GA","TDS Telecom",10,"1924"
"GA","Telefonica",10,"17"
"GA","TPx Communications",10,"2"
"GA","Windstream Accucomm Telecom, LLC",10,"502"
"GA","Windstream Florida, Inc.",10,"1"
"GA","Windstream Georgia Communications, LLC",10,"23745"
"GA","Windstream Georgia, LLC",10,"6167"
"GA","Windstream Georgia Telephone, LLC",10,"1030"
"GA","Windstream Standard, LLC",10,"9907"
"GA","Telefonica",40,"1"
"GA","Accelecom GA LLC",50,"2"
"GA","Brightspeed",50,"12"
"GA","Crown Castle Fiber LLC",50,"65"
"GA","Telefonica",50,"1"
"GA","Advanced Technology Group",70,"3"
"GA","One Ring Networks",70,"16"
"GA","RiverStreet Networks",70,"3"
"GA","AT&T Inc",71,"1959"
"GA","One Ring Networks",71,"1"
"GA","T-Mobile US",71,"1146676"
"GU","GTA",10,"1678"
"HI","Hawaiian Telcom",10,"23560"
"HI","Sandwich Isles Broadband Services",10,"22"
"HI","Sandwich Isles Communications",10,"43"
"HI","Servpac",10,"30"
"HI","Sandwich Isles Communications",50,"35"
"HI","Servpac",50,"11"
"HI","T-Mobile US",71,"76707"
"IA","Acentek",10,"3025"
"IA","Aureon Communications, L.L.C.",10,"186"
"IA","BCCTC",10,"15"
"IA","Cannon Valley Telecom, Inc.",10,"1"
"IA","Central Scott Telephone Company, Inc.",10,"246"
"IA","CenturyLink",10,"287240"
"IA","Farmers Cooperative Telephone Company",10,"239"
"IA","Jordan Soldier Valley Telephone Company",10,"1"
"IA","South Slope Cooperative Telephone Company CLEC",10,"123"
"IA","Springville Cooperative Telephone Association, Inc.",10,"2"
"IA","Wellman Cooperative Telephone Association",10,"10"
"IA","Windstream Iowa Communications, Inc.",10,"28972"
"IA","Windstream Montezuma, Inc.",10,"271"
"IA","Windstream Nebraska, Inc.",10,"1"
"IA","Aureon Communications, L.L.C.",50,"10"
"IA","CenturyLink",50,"171"
"IA","ICS Advanced Technologies",50,"45"
"IA","Quantum Fiber",50,"10"
"IA","Acentek",70,"421"
"IA","Central Scott Telephone Company, Inc.",70,"138"
"IA","Cloudburst 9, LLC",70,"20"
"IA","Community Digital Wireless",70,"234"
"IA","Grand Mound Communications",70,"1675"
"IA","ICS Advanced Technologies",70,"2"
"IA","Jo-Carroll Energy, Inc. (NFP)",70,"2569"
"IA","Mid-States Services LLC",70,"12"
"IA","Minburn Communications",70,"1120"
"IA","MTC Technologies",70,"1"
"IA","Northeast Iowa Telephone Company",70,"29"
"IA","Northwest Communications, Inc.",70,"2537"
"IA","Pinpoint Communications Inc",70,"10"
"IA","Readlyn Telephone Company",70,"4"
"IA","Rise Broadband",70,"23506"
"IA","Traer Municipal Utilities",70,"75"
"IA","Grand Mound Communications",71,"2206"
"IA","Northwest Communications, Inc.",71,"1964"
"IA","T-Mobile US",71,"492674"
"IA","Alpine Communications LC",72,"43"
"IA","Central Scott Telephone Company, Inc.",72,"94"
"IA","Rise Broadband",72,"3162"
"ID","ATC Communications",10,"242"
"ID","Blackfoot Communications, Inc.",10,"5"
"ID","Blackfoot Telephone Cooperative, Inc.",10,"53"
"ID","CambridgeTelephoneCompany",10,"226"
"ID","CenturyLink",10,"102897"
"ID","Custer Telephone Cooperative",10,"23"
"ID","Direct Communications Rockland",10,"182"
"ID","Fremont Telcom Co.",10,"541"
"ID","OREGON-IDAHO UTILITIES",10,"6"
"ID","Silver Star Communications",10,"436"
"ID","TDS Telecom",10,"150"
"ID","TPx Communications",10,"2"
"ID","Ziply Fiber",10,"11128"
"ID","Intermax Networks",40,"1"
"ID","CenturyLink",50,"72"
"ID","Intermax Networks",50,"160"
"ID","Quantum Fiber",50,"5"
"ID","Ziply Fiber",50,"1"
"ID","Airbridge Broadband",70,"4"
"ID","Blackfoot Communications, Inc.",70,"1"
"ID","Rise Broadband",70,"63644"
"ID","Ziply Wireless",70,"2326"
"ID","Blackfoot Communications, Inc.",71,"2"
"ID","Inland Cellular LLC",71,"31"
"ID","T-Mobile US",71,"225412"
"ID","Rise Broadband",72,"2275"
"IL","Peerless Network",0,"14"
"IL","AT&T Inc",10,"320163"
"IL","Brightspeed",10,"32978"
"IL","Cambridge Telcom Services, Inc.",10,"16"
"IL","Cambridge Telephone Company",10,"406"
"IL","Consolidated Communications",10,"950"
"IL","EGYPTIAN TELEPHONE COOPERATIVE ASSOCIATION",10,"38"
"IL","First Communications",10,"96"
"IL","Fusion",10,"6"
"IL","Geneseo Telephone Company",10,"1857"
"IL","Grandview Mutual Telephone",10,"138"
"IL","Harrisonville Telephone Company",10,"2874"
"IL","Henry County Telephone Company",10,"1123"
"IL","i3 Broadband",10,"14"
"IL","Leonore Mutual Telephone Company, Inc.",10,"56"
"IL","Mid Century Telephone Cooperative, Inc.",10,"52"
"IL","S-Net Communications",10,"6"
"IL","TDS Telecom",10,"15"
"IL","Tonica Telephone Company",10,"101"
"IL","Xclutel Communications, LLC",10,"2"
"IL","Crown Castle Fiber LLC",50,"113"
"IL","First Communications",50,"78"
"IL","S-Net Communications",50,"5"
"IL","Xclutel Communications, LLC",50,"6"
"IL","Blast Communications| Inc.",70,"1590"
"IL","Brightspeed",70,"32"
"IL","e-vergent",70,"30"
"IL","Jo-Carroll Energy, Inc. (NFP)",70,"16162"
"IL","MR Systems Wireless",70,"1259"
"IL","Netwitz Internet Services",70,"5"
"IL","Rise Broadband",70,"59749"
"IL","AT&T Inc",71,"1424"
"IL","Cambridge Telephone Company",71,"223"
"IL","Geneseo Telephone Company",71,"982"
"IL","Henry County Telephone Company",71,"167"
"IL","T-Mobile US",71,"1128138"
"IL","Rise Broadband",72,"6272"
"IN","Peerless Network",0,"1"
"IN","altafiber Network Solutions",10,"979"
"IN","AT&T Inc",10,"133202"
"IN","Brightspeed",10,"135922"
"IN","Craigville Telephone Company, Inc.",10,"63"
"IN","FiberHawk",10,"322"
"IN","First Communications",10,"2"
"IN","Geetingsville Telephone Co., Inc.",10,"4"
"IN","NITCO",10,"731"
"IN","Peerless Network",10,"1"
"IN","Smithville Communications INC",10,"3681"
"IN","Sunman Telecommunications LLC",10,"57"
"IN","Sweetser Rural Telephone Company, Inc.",10,"1031"
"IN","TDS Telecom",10,"2573"
"IN","Xclutel Communications, LLC",10,"2"
"IN","Yeoman Telephone Co",10,"610"
"IN","Brightspeed",50,"13"
"IN","Crown Castle Fiber LLC",50,"218"
"IN","First Communications",50,"4"
"IN","Blueriver Networking Services",70,"58"
"IN","Brightspeed",70,"3671"
"IN","CITIZENS TELEPHONE CORPORATION",70,"378"
"IN","Comteck of Indiana, Inc.",70,"800"
"IN","DMCI Broadband  LLC",70,"321"
"IN","Eastern Indiana WIFI",70,"1670"
"IN","FiberHawk",70,"158"
"IN","Internet Communications Inc",70,"13"
"IN","Jasper County REMC",70,"1"
"IN","Midway Net LLC",70,"105"
"IN","On-Ramp Indiana Inc.",70,"12"
"IN","PDS Connect",70,"14"
"IN","Rise Broadband",70,"4052"
"IN","RTC Communications Corp.",70,"2947"
"IN","TWN Communications",70,"220940"
"IN","Unlimited Net Partners| LLC",70,"20"
"IN","W A T C H TV",70,"23229"
"IN","Yeoman Telephone Co",70,"53"
"IN","AT&T Inc",71,"360"
"IN","T-Mobile US",71,"816046"
"IN","FiberHawk",72,"442"
"IN","Internet Communications Inc",72,"2"
"IN","Monon Telephone Company",72,"273"
"IN","RTC Communications Corp.",72,"298"
"IN","Three Rivers Communications",72,"358"
"KS","Peerless Network",0,"1"
"KS","AT&T Inc",10,"110223"
"KS","Aureon Communications, L.L.C.",10,"1"
"KS","Brightspeed",10,"50312"
"KS","BWTelcom",10,"3"
"KS","Consolidated Communications",10,"432"
"KS","Craw Kan Telephone Cooperative Inc",10,"570"
"KS","Fusion",10,"1"
"KS","Golden Belt Telephone Association, Inc",10,"39"
"KS","Great Plains Communications LLC",10,"88"
"KS","Haviland Telephone",10,"89"
"KS","IdeaTek",10,"58"
"KS","JBN Telephone",10,"1110"
"KS","MoKan Dial, Inc.",10,"601"
"KS","Nex-Tech",10,"236"
"KS","""Pioneer Communications""",10,"157"
"KS","Pioneer Telephone Cooperative, Inc.",10,"2"
"KS","S&A Telephone Co., Inc.",10,"5"
"KS","Totah Communications, Inc.",10,"319"
"KS","TPx Communications",10,"1"
"KS","Twin Valley Telephone, Inc",10,"123"
"KS","Brightspeed",50,"7"
"KS","Brightspeed",70,"3912"
"KS","CMA Wireless",70,"1"
"KS","Diode Cable Company",70,"53"
"KS","Nex-Tech",70,"4"
"KS","Rise Broadband",70,"554"
"KS","Superior iNET",70,"28"
"KS","Twin Valley Communications, Inc",70,"32"
"KS","AT&T Inc",71,"116"
"KS","T-Mobile US",71,"431002"
"KS","Twin Valley Communications, Inc",71,"226"
"KY","altafiber Network Solutions",10,"4256"
"KY","AT&T Inc",10,"144483"
"KY","South Central Rural Telecommunications Cooperative",10,"871"
"KY","South Central Telcom LLC",10,"89"
"KY","TDS Telecom",10,"1729"
"KY","Windstream Kentucky East, LLC",10,"47583"
"KY","Windstream Kentucky West, LLC",10,"1855"
"KY","Mediacom_Southeast_LLC",40,"183"
"KY","Crown Castle Fiber LLC",50,"1"
"KY","energynet",70,"12030"
"KY","Info-Ed, Inc.",70,"5"
"KY","W A T C H TV",70,"29371"
"KY","AT&T Inc",71,"666"
"KY","T-Mobile US",71,"606975"
"LA","AT&T Inc",10,"215260"
"LA","Bluebird Broadband Services",10,"1"
"LA","Brightspeed",10,"42308"
"LA","CenturyLink",10,"14"
"LA","Eastex Telephone Cooperative, Inc.",10,"77"
"LA","""EATEL Corp.""",10,"184"
"LA","Epic Touch",10,"43"
"LA","Fusion Cloud Services, Inc.",10,"2"
"LA","Star Telephone Company",10,"935"
"LA","Vexus Fiber",10,"1"
"LA","Walnut Hill Telephone Company",10,"1"
"LA","Brightspeed",50,"2"
"LA","Bluebird Broadband Services",70,"667"
"LA","Brightspeed",70,"520"
"LA","Faster Cajun Networks",70,"1"
"LA","FulAir",70,"70"
"LA","AT&T Inc",71,"675"
"LA","T-Mobile US",71,"647293"
"LA","Faster Cajun Networks",72,"1"
"MA","Peerless Network",0,"2"
"MA","Consolidated Communications",10,"17"
"MA","CRC Communications LLC",10,"2"
"MA","Crown Castle Fiber LLC",10,"9"
"MA","Fusion",10,"1"
"MA","Granby Telephone LLC",10,"922"
"MA","TPx Communications",10,"123"
"MA","Verizon",10,"619650"
"MA","Crown Castle Fiber LLC",50,"920"
"MA","T-Mobile US",71,"744743"
"MD","Allied Telecom Group, LLC",10,"1"
"MD","Fusion",10,"4"
"MD","TPx Communications",10,"2"
"MD","Verizon",10,"386146"
"MD","Allied Telecom Group, LLC",50,"1"
"MD","Atlantech Online, Inc.",50,"3"
"MD","Crown Castle Fiber LLC",50,"196"
"MD","Double Dog Communications, Inc",70,"3"
"MD","One Ring Networks",70,"2"
"MD","T-Mobile US",71,"600415"
"MD","In The Stix Broadband| LLC",72,"16"
"ME","Consolidated Communications",10,"229421"
"ME","CRC Communications LLC",10,"16"
"ME","DSL",10,"3478"
"ME","Fidium Fiber",10,"3"
"ME","FirstLight Fiber",10,"388"
"ME","FirstLight Fiber d/b/a Oxford West Telephone Company",10,"3954"
"ME","Mid-Maine Telecom LLC",10,"1117"
"ME","Mid-Maine TelPlus LLC",10,"158"
"ME","Oxford County Telephone Company d/b/a FirstLight Fiber",10,"3005"
"ME","Pine Tree Telephone LLC",10,"502"
"ME","Saco River Telephone LLC",10,"1566"
"ME","TDS Telecom",10,"2347"
"ME","TPx Communications",10,"8"
"ME","UniTel",10,"910"
"ME","Crown Castle Fiber LLC",50,"9"
"ME","Axiom",70,"69"
"ME","T-Mobile US",71,"287659"
"MI","Acentek",10,"9434"
"MI","AT&T Inc",10,"339685"
"MI","Baraga Telephone Company",10,"1754"
"MI","Blanchard Telephone Association, Inc.",10,"4"
"MI","Brightspeed",10,"59917"
"MI","Carr Communications",10,"620"
"MI","D & P Communications",10,"79"
"MI","First Communications",10,"8"
"MI","Fusion",10,"1"
"MI","Jamadots Internet",10,"1282"
"MI","Kaleva Telephone Company",10,"93"
"MI","Lennon Telephone Company",10,"276"
"MI","MICHIGAN BROADBAND SERVICE",10,"2699"
"MI","Springport Telephone Company",10,"1155"
"MI","TDS Telecom",10,"1812"
"MI","Telnet Worldwide, Inc.",10,"175"
"MI","TPx Communications",10,"1"
"MI","Crown Castle Fiber LLC",50,"246"
"MI","First Communications",50,"4"
"MI","Telnet Worldwide, Inc.",50,"13"
"MI","Xclutel Communications, LLC",50,"1"
"MI","Brightspeed",70,"1957"
"MI","DMCI Broadband  LLC",70,"8271"
"MI","D & P Communications",70,"5"
"MI","Fast AIr Internet| Inc",70,"276"
"MI","ISP Management| Inc.",70,"138"
"MI","SyncWave",70,"179"
"MI","AT&T Inc",71,"704"
"MI","T-Mobile US",71,"1451216"
"MI","MICHIGAN BROADBAND SERVICE",72,"220"
"MN","Peerless Network",0,"1"
"MN","Acentek",10,"4863"
"MN","Allstream Business US, LLC",10,"119"
"MN","Bevcomm",10,"100"
"MN","Cannon Valley Telecom, Inc.",10,"46"
"MN","CenturyLink",10,"326748"
"MN","Consolidated Communications",10,"137"
"MN","Easton Telephone Company",10,"3"
"MN","TDS Telecom",10,"1695"
"MN","TPx Communications",10,"2"
"MN","Windstream Lakedale, Inc.",10,"1506"
"MN","Windstream NorthStar, LLC",10,"36"
"MN","Clara City Telephone Company",40,"874"
"MN","CenturyLink",50,"148"
"MN","Fidium",50,"1"
"MN","Meeker Cooperative Light & Power Association",50,"4"
"MN","Quantum Fiber",50,"1"
"MN","Acentek",70,"185"
"MN","Meeker Cooperative Light & Power Association",70,"2"
"MN","Red River Communications",70,"160"
"MN","Rise Broadband",70,"254"
"MN","Red River Communications",71,"2451"
"MN","T-Mobile US",71,"866831"
"MN","Wisper Next Wireless Internet",71,"944"
"MN","Red River Communications",72,"60"
"MO","Peerless Network",0,"1"
"MO","MCC_Missouri_LLC",40,"1370"
"MO","Brightspeed",50,"255"
"MO","UPN",50,"2"
"MO","Big River Broadband",70,"2257"
"MO","BPS Networks",70,"6628"
"MO","Brightspeed",70,"18745"
"MO","Carthage Water and Electric Plant",70,"108"
"MO","GoNetSpeed :  Otelco : I-Land Internet",70,"226"
"MO","Mid-States Services LLC",70,"36"
"MO","Rise Broadband",70,"2"
"MO","WON Communications LLC",70,"5"
"MO","AT&T Inc",71,"200"
"MO","T-Mobile US",71,"816943"
"MS","AT&T Inc",10,"136087"
"MS","Brightspeed",10,"15420"
"MS","FIXED BB AVAIL",10,"73"
"MS","Franklin Telephone Co. Inc",10,"2846"
"MS","Fulton Telephone Company",10,"1531"
"MS","Fusion",10,"1"
"MS","Georgetown Telephone Company",10,"430"
"MS","Millry Communications",10,"14"
"MS","Noxapater Telephone Company",10,"971"
"MS","TDS Telecom",10,"960"
"MS","TEC, Bay Springs Division",10,"1169"
"MS","Windstream Mississippi, LLC.",10,"1143"
"MS","Mediacom_Southeast_LLC",40,"368"
"MS","Brightspeed",50,"6"
"MS","Uplink Internet| LLC| Uplink L.L.C.",70,"3"
"MS","AT&T Inc",71,"991"
"MS","T-Mobile US",71,"499003"
"MT","Allstream Business US, LLC",10,"3"
"MT","Blackfoot Communications, Inc.",10,"47"
"MT","Blackfoot Telephone Cooperative, Inc.",10,"4210"
"MT","CenturyLink",10,"139335"
"MT","Mid-Rivers Communications",10,"493"
"MT","Nemont",10,"2121"
"MT","Range Telephone Cooperative Inc.",10,"859"
"MT","Siyeh Communications",10,"641"
"MT","TCT Internet (Frannie-Warren)",10,"1"
"MT","TCT Internet (Up to 5/1) Frannie Deaver",10,"4"
"MT","TPx Communications",10,"1"
"MT","Triangle Communications",10,"444"
"MT","Ziply Fiber",10,"201"
"MT","CenturyLink",50,"42"
"MT","Blackfoot Communications, Inc.",70,"709"
"MT","Little Apple Technologies",70,"671"
"MT","Montana Internet Corporation",70,"4156"
"MT","Nemont",70,"570"
"MT","Range Telephone Cooperative Inc.",70,"1254"
"MT","Siyeh Communications",70,"546"
"MT","Softworx Inc.",70,"290"
"MT","Wisp West| Celerity Internet",70,"121"
"MT","Blackfoot Communications, Inc.",71,"85"
"MT","Choice Wireless",71,"1720"
"MT","Mid-Rivers Communications",71,"60"
"MT","Nemont",71,"1337"
"MT","Siyeh Communications",71,"6"
"MT","T-Mobile US",71,"197062"
"MT","Triangle Communications",71,"10182"
"MT","Wisp West| Celerity Internet",71,"29"
"MT","Little Apple Technologies",72,"273"
"NC","AT&T Inc",10,"184871"
"NC","Brightspeed",10,"758919"
"NC","CenturyLink",10,"5"
"NC","FOCUS BROADBAND",10,"18312"
"NC","Fusion Cloud Services, Inc.",10,"2"
"NC","Georgia Windstream, LLC.",10,"31"
"NC","lumos",10,"191"
"NC","RIVERSTREET NETWORKS",10,"5612"
"NC","Star Communications",10,"9406"
"NC","TDS Telecom",10,"1"
"NC","Verizon",10,"74"
"NC","Windstream Communications, Inc.",10,"52"
"NC","Windstream Concord Telephone Company",10,"16150"
"NC","Windstream Lexcom Communications, Inc.",10,"7969"
"NC","Windstream North Carolina, LLC",10,"15417"
"NC","Windstream Standard, LLC",10,"11"
"NC","Brightspeed",50,"321"
"NC","Crown Castle Fiber LLC",50,"97"
"NC","lumos",50,"5"
"NC","RiverStreet Networks",70,"165"
"NC","AT&T Inc",71,"1695"
"NC","T-Mobile US",71,"1676003"
"ND","CenturyLink",10,"61130"
"ND","Inter-Community Telephone",10,"469"
"ND","James Valley Cooperative Telephone Company",10,"5"
"ND","Nemont",10,"491"
"ND","CenturyLink",50,"10"
"ND","Nemont",70,"166"
"ND","Red River Communications",70,"237"
"ND","Nemont",71,"626"
"ND","Red River Communications",71,"3162"
"ND","T-Mobile US",71,"129477"
"ND","Red River Communications",72,"296"
"NE","Arapahoe Telephone Company",10,"30"
"NE","Aureon Communications, L.L.C.",10,"7"
"NE","BWTelcom",10,"16"
"NE","Cambridge Telephone Company",10,"44"
"NE","CenturyLink",10,"92735"
"NE","Consolidated",10,"386"
"NE","Cozad Telephone Company",10,"20"
"NE","Dalton Telephone Company",10,"20"
"NE","Golden West Telecommunications",10,"2"
"NE","Great Plains Communications LLC",10,"12707"
"NE","JBN Telephone",10,"1"
"NE","K & M Telephone Company, Inc",10,"146"
"NE","Pierce Telephone Co Inc",10,"388"
"NE","Pinpoint Communications Inc",10,"55"
"NE","Three River Communications, LLC",10,"14"
"NE","Windstream Nebraska, Inc.",10,"15240"
"NE","Fort Randall Cable Systems, Inc",40,"814"
"NE","CenturyLink",50,"28"
"NE","Golden West Telecommunications",50,"16"
"NE","Quantum Fiber",50,"1"
"NE","Diode Cable Company",70,"2353"
"NE","Hershey Cooperative Telephone Company",70,"2677"
"NE","Kentec Communications, Inc.",70,"179"
"NE","Peetz Cooperative-Peetz Communications",70,"81"
"NE","Pinpoint Communications Inc",70,"17"
"NE","Rise Broadband",70,"2706"
"NE","Superior iNET",70,"2376"
"NE","Telecom West Inc.",70,"50"
"NE","T-Mobile US",71,"269602"
"NE","Rise Broadband",72,"5026"
"NH","Consolidated Communications",10,"177431"
"NH","Crown Castle Fiber LLC",10,"1"
"NH","Dunbarton Telephone Company",10,"1"
"NH","FirstLight Fiber",10,"251"
"NH","TDS Telecom",10,"121"
"NH","TPx Communications",10,"7"
"NH","Verizon",10,"5"
"NH","Crown Castle Fiber LLC",50,"47"
"NH","T-Mobile US",71,"214051"
"NH","VTel Wireless, Inc.",71,"2102"
"NH","NEW Alliance",72,"6"
"NJ","Brightspeed",10,"68677"
"NJ","Crown Castle Fiber LLC",10,"5"
"NJ","Fusion",10,"14"
"NJ","Interglobe",10,"4"
"NJ","Monmouth Telephone & Telegraph",10,"5"
"NJ","Skywire Networks",10,"26"
"NJ","TPx Communications",10,"5"
"NJ","Verizon",10,"676651"
"NJ","Xtel Communications",10,"37"
"NJ","Xtel Communications",40,"1"
"NJ","Brightspeed",50,"26"
"NJ","Crown Castle Fiber LLC",50,"815"
"NJ","Interglobe",50,"4"
"NJ","Monmouth Telephone & Telegraph",50,"117"
"NJ","Telesystem",50,"4"
"NJ","Xtel Communications",50,"19"
"NJ","T-Mobile US",71,"770968"
"NM","Baca Valley Telephone",10,"87"
"NM","CenturyLink",10,"158782"
"NM","Cyber Mesa",10,"11"
"NM","DELCOM",10,"1"
"NM","Dell Telephone Cooperative",10,"269"
"NM","Mescalero Apache Telecom, Inc.",10,"27"
"NM","TPx Communications",10,"1"
"NM","Valor Telecommunications of Texas, LP",10,"14077"
"NM","WESTERN NEW MEXICO TELEPHONE COMPANY, INC",10,"2618"
"NM","Yucca Telecom",10,"69"
"NM","CenturyLink",50,"93"
"NM","Quantum Fiber",50,"4"
"NM","Cyber Mesa",70,"327"
"NM","DesertGate Internet",70,"218"
"NM","SDC Internet",70,"30"
"NM","TWN Communications",70,"175083"
"NM","Yucca Telecom",70,"457"
"NM","Choice Wireless",71,"337479"
"NM","Plateau Telecommunications Incorporated",71,"75282"
"NM","T-Mobile US",71,"231008"
"NV","Peerless Network",0,"1"
"NV","AT&T Inc",10,"24712"
"NV","Beehive Broadband",10,"83"
"NV","CC Communications Broadband",10,"287"
"NV","CenturyLink",10,"127655"
"NV","Fusion",10,"18"
"NV","OREGON-IDAHO UTILITIES",10,"15"
"NV","TPx Communications",10,"31"
"NV","CenturyLink",50,"277"
"NV","Quantum Fiber",50,"2"
"NV","Beehive Broadband",70,"27"
"NV","Choice Wireless",70,"5063"
"NV","One Ring Networks",70,"1"
"NV","PlumasSierraTelecommunications",70,"1"
"NV","Rise Broadband",70,"1527"
"NV","TWN Communications",70,"2794"
"NV","Valley Communications Association, Inc.",70,"75"
"NV","AT&T Inc",71,"98"
"NV","Choice Wireless",71,"47345"
"NV","T-Mobile US",71,"414030"
"NV","Rise Broadband",72,"4272"
"NY","Peerless Network",0,"1"
"NY","ANPI Business LLC",10,"2"
"NY","Chazy Westport Communications",10,"359"
"NY","Citizens Telephone Company of Hammond, NY",10,"20"
"NY","Consolidated Communications",10,"1410"
"NY","Crown Castle Fiber LLC",10,"39"
"NY","Crown Point Telephone Corporation",10,"7"
"NY","Delhi Telephone Company",10,"53"
"NY","DFT Communication",10,"1877"
"NY","FirstLight Fiber",10,"216"
"NY","Fusion",10,"10"
"NY","Interglobe",10,"8"
"NY","MIDTEL",10,"691"
"NY","Newport Telephone Co - NTCNet",10,"533"
"NY","Nicholville Telephone Company",10,"346"
"NY","Pattersonville Telephone Company",10,"326"
"NY","Skywire Networks",10,"102"
"NY","State Telephone Company, Inc.",10,"810"
"NY","TDS Telecom",10,"1832"
"NY","TPx Communications",10,"8"
"NY","Verizon",10,"962856"
"NY","Windstream New York, Inc.",10,"9429"
"NY","Crown Castle Fiber LLC",50,"4478"
"NY","Interglobe",50,"3"
"NY","Southern Tier Wireless Inc.",70,"178"
"NY","Skywire Networks",71,"15"
"NY","T-Mobile US",71,"1695610"
"NY","VTel Wireless, Inc.",71,"587"
"OH","altafiber Extended Territories",10,"54272"
"OH","altafiber Network Solutions",10,"12797"
"OH","AT&T Inc",10,"308569"
"OH","Brightspeed",10,"344918"
"OH","BTC Communications",10,"1"
"OH","CT Communications Network Inc.",10,"115"
"OH","First Communications",10,"62"
"OH","Fixed Broadband",10,"1"
"OH","Fusion",10,"24"
"OH","Horizon",10,"1492"
"OH","Sycamore Telephone Co",10,"528"
"OH","TDS Telecom",10,"656"
"OH","The Champaign Telephone Company",10,"115"
"OH","TPx Communications",10,"1"
"OH","Windstream Ohio, Inc.",10,"7339"
"OH","Windstream Pennsylvania, LLC.",10,"9"
"OH","Windstream Western Reserve, Inc.",10,"14177"
"OH","Doylestown Cable TV",40,"3706"
"OH","Brightspeed",50,"8"
"OH","Citynet LLC",50,"1"
"OH","Crown Castle Fiber LLC",50,"330"
"OH","First Communications",50,"95"
"OH","Brightspeed",70,"4588"
"OH","Citynet LLC",70,"1"
"OH","DMCI Broadband  LLC",70,"17"
"OH","Hometown Cable",70,"56214"
"OH","Jenco Wireless LLC",70,"6"
"OH","MetaLINK Technologies, Inc.",70,"1583"
"OH","Ncool.net",70,"2063"
"OH","New Era Broadband",70,"264"
"OH","North Coast Wireless Communications",70,"50"
"OH","SAA bright.net Inc.",70,"30"
"OH","Two Tin Cans",70,"310"
"OH","W A T C H TV",70,"11253"
"OH","AT&T Inc",71,"488"
"OH","T-Mobile US",71,"1489413"
"OH","W A T C H TV",71,"149"
"OK","AT&T Inc",10,"172326"
"OK","Beggs Telephone Company, Inc.",10,"238"
"OK","Brightspeed",10,"819"
"OK","Chickasaw Telecommunications Services, Inc.",10,"9"
"OK","Chickasaw Telephone Company",10,"960"
"OK","Consolidated Communications",10,"682"
"OK","Craw Kan Telephone Cooperative Inc",10,"20"
"OK","Dobson Telephone Co Inc",10,"146"
"OK","Fusion",10,"2"
"OK","McLoud Telephone Co",10,"161"
"OK","Oklahoma Windstream, LLC",10,"2200"
"OK","Oklatel",10,"641"
"OK","Pioneer Telephone Cooperative, Inc.",10,"31298"
"OK","Salina Spavinaw Telephone",10,"772"
"OK","TDS Telecom",10,"2770"
"OK","Totah Communications, Inc.",10,"206"
"OK","United Telephone Assn Inc",10,"44"
"OK","Valor Telecommunications of Texas, LP",10,"13284"
"OK","Walnut Hill Telephone Company",10,"4"
"OK","Windstream Oklahoma, LLC",10,"1072"
"OK","Optimum",40,"1807"
"OK","Brightspeed",50,"8"
"OK","Crown Castle Fiber LLC",50,"1"
"OK","AirLink Internet Services",70,"1588"
"OK","Central Cellular LLC /dba COTC Connections",70,"11"
"OK","Oklatel",70,"174"
"OK","Rise Broadband",70,"22923"
"OK","TWN Communications",70,"383"
"OK","Workable Programs & Systems, Inc.",70,"12"
"OK","AT&T Inc",71,"285"
"OK","Panhandle Telephone",71,"460"
"OK","Pine Cellular Phones",71,"39182"
"OK","T-Mobile US",71,"543241"
"OK","Rise Broadband",72,"80"
"OR","Beaver Creek Cooperative Telephone Company",10,"1642"
"OR","Cascade Utilities, I",10,"1133"
"OR","CenturyLink",10,"303262"
"OR","Eagle Telephone Systems",10,"27"
"OR","OREGON-IDAHO UTILITIES",10,"20"
"OR","Pioneer Telephone Cooperative",10,"263"
"OR","Roome Telecommunications Inc",10,"198"
"OR","STAYTON COOPERATIVE TELEPHONE COMPANY",10,"60"
"OR","TDS Telecom",10,"7"
"OR","Trans-Cascades Telep",10,"19"
"OR","Ziply Fiber",10,"47784"
"OR","CenturyLink",50,"111"
"OR","Douglas Services, Inc.",50,"1"
"OR","Quantum Fiber",50,"1"
"OR","Columbia iConnect",70,"14"
"OR","Lane Fi",70,"148"
"OR","OREGON TELEPHONE CORPORATION",70,"136"
"OR","PocketiNet",70,"1900"
"OR","Rise Broadband",70,"3984"
"OR","SandyNet",70,"13"
"OR","Warm Spring Telecom",70,"1113"
"OR","Webformix",70,"494"
"OR","Ziply Wireless",70,"212"
"OR","CenturyLink",71,"6"
"OR","Columbia iConnect",71,"15"
"OR","T-Mobile US",71,"488193"
"OR","Webformix",71,"913"
"OR","Webformix",72,"2901"
"PA","Brightspeed",10,"194298"
"PA","Consolidated Communications",10,"65"
"PA","FRONTIER",10,"76159"
"PA","TDS Telecom",10,"486"
"PA","TPx Communications",10,"2"
"PA","Verizon",10,"912658"
"PA","Windstream Buffalo Valley, Inc.",10,"1834"
"PA","Windstream Conestoga, Inc.",10,"6093"
"PA","Windstream D&E, Inc.",10,"3314"
"PA","Windstream New York, Inc.",10,"8"
"PA","Windstream Pennsylvania, LLC.",10,"24092"
"PA","Windstream Western Reserve, Inc.",10,"1"
"PA","Xtel Communications",10,"5"
"PA","Xtel Communications",40,"1"
"PA","Brightspeed",50,"29"
"PA","Citynet LLC",50,"1"
"PA","Crown Castle Fiber LLC",50,"926"
"PA","S-Net Communications",50,"1"
"PA","Telesystem",50,"3"
"PA","Xtel Communications",50,"1"
"PA","Double Dog Communications, Inc",70,"1009"
"PA","In The Stix Broadband| LLC",70,"15148"
"PA","PennWisp LLC",70,"114"
"PA","Limitless Mobile",71,"6439"
"PA","T-Mobile US",71,"1596387"
"PA","In The Stix Broadband| LLC",72,"5271"
"PR","Claro",10,"278907"
"PR","Optivon",10,"25"
"PR","Telefonica",10,"68"
"PR","Worldnet Telecommunications",10,"15"
"PR","Telefonica",50,"93"
"RI","Crown Castle Fiber LLC",10,"1"
"RI","Verizon",10,"60511"
"RI","Crown Castle Fiber LLC",50,"83"
"RI","T-Mobile US",71,"117118"
"SC","AT&T Inc",10,"143309"
"SC","Brightspeed",10,"49300"
"SC","FTC",10,"1093"
"SC","FTC DSI",10,"85"
"SC","TDS Telecom",10,"3084"
"SC","TPx Communications",10,"1"
"SC","TruVista Communications â€“ ILEC",10,"592"
"SC","Windstream Concord Telephone Company",10,"1"
"SC","Windstream North Carolina, LLC",10,"2"
"SC","Windstream South Carolina, LLC",10,"4121"
"SC","Advanced Technology Group",70,"4"
"SC","One Ring Networks",70,"1"
"SC","RiverStreet Networks",70,"7"
"SC","AT&T Inc",71,"796"
"SC","T-Mobile US",71,"733421"
"SD","Aureon Communications, L.L.C.",10,"3"
"SD","Bluepeak",10,"1450"
"SD","CenturyLink",10,"76563"
"SD","Golden West Telecommunications",10,"1638"
"SD","Great Plains Communications LLC",10,"260"
"SD","James Valley Cooperative Telephone Company",10,"1207"
"SD","Mt. Rushmore Telephone Company",10,"85"
"SD","CenturyLink",50,"11"
"SD","Golden West Telecommunications",50,"1516"
"SD","Wisp West| Celerity Internet",70,"24"
"SD","T-Mobile US",71,"153702"
"TN","AT&T Inc",10,"237225"
"TN","Brightspeed",10,"134278"
"TN","Fusion Cloud Services, Inc.",10,"2"
"TN","Ritter Communications Inc.",10,"3484"
"TN","TDS Telecom",10,"3873"
"TN","TEC, Erin Division",10,"36"
"TN","TEC, Friendship Division",10,"63"
"TN","Brightspeed",50,"38"
"TN","Crown Castle Fiber LLC",50,"2"
"TN","ECSIS.NET",70,"1509"
"TN","Info-Ed, Inc.",70,"90"
"TN","OnWav",70,"1324"
"TN","Ultranet LLC",70,"56"
"TN","WireTower.Net| Planet Connect| SevierNet",70,"933"
"TN","AT&T Inc",71,"660"
"TN","T-Mobile US",71,"972881"
"TX","AT&T Inc",10,"505514"
"TX","Big Bend Telephone Company, Inc.",10,"296"
"TX","Blossom Telephone Company Inc.",10,"40"
"TX","Brightspeed",10,"202184"
"TX","Cap Rock Telephone Cooperative",10,"27"
"TX","Central Texas Telephone Cooperative, Inc.",10,"4163"
"TX","Coleman County Telephone Coop, Inc",10,"78"
"TX","Colorado Valley Telephone Cooperative, Inc.",10,"1890"
"TX","Consolidated Communications",10,"3075"
"TX","Crown Castle Fiber LLC",10,"7"
"TX","CUMBY TELEPHONE COOP., INC.",10,"157"
"TX","DELCOM",10,"10"
"TX","Dell Telephone Cooperative",10,"279"
"TX","Eastex Telephone Cooperative, Inc.",10,"1666"
"TX","Etex Communications",10,"342"
"TX","Etex Telephone",10,"3536"
"TX","Foremost  Telecommunications",10,"6"
"TX","Fusion",10,"9"
"TX","GVTC",10,"26560"
"TX","Hill Country Telephone",10,"2396"
"TX","La Ward Communications",10,"104"
"TX","Muenster Telephone",10,"74"
"TX","NTT Fiber (North Texas Telephone)",10,"79"
"TX","OneSource Communications",10,"12"
"TX","Peoples Telephone Cooperative",10,"4978"
"TX","Pioneer Telephone Cooperative, Inc.",10,"7"
"TX","Riviera Telephone Company",10,"58"
"TX","Telefonica",10,"10"
"TX","Texas Windstream, Inc.",10,"5192"
"TX","Totelcom",10,"948"
"TX","TPx Communications",10,"37"
"TX","Valley Telephone Cooperative, Inc.",10,"4928"
"TX","Valor Telecommunications of Texas, LP",10,"33451"
"TX","Verizon",10,"1"
"TX","Vexus Fiber",10,"8"
"TX","Web Fire Communications, Inc.",10,"87"
"TX","Windstream Communications Kerrville, LLC",10,"1604"
"TX","Windstream Sugar Land, Inc.",10,"2525"
"TX","YK Communications",10,"349"
"TX","Optimum",40,"12430"
"TX","Brightspeed",50,"193"
"TX","Bullseye",50,"3"
"TX","Crown Castle Fiber LLC",50,"357"
"TX","Fidium",50,"4"
"TX","Telefonica",50,"4"
"TX","Big Bend Telephone Company, Inc.",60,"1054"
"TX","AMA TechTel Communications",70,"2167"
"TX","AW Broadband",70,"15"
"TX","BEC Communications, LLC",70,"1"
"TX","Big Bend Telecom, LTD",70,"143"
"TX","Big Bend Telephone Company, Inc",70,"254"
"TX","Bluebird Broadband Services",70,"224"
"TX","Brightspeed",70,"579"
"TX","Cirra Networks",70,"65"
"TX","Comcell",70,"127331"
"TX","EBTX Wireless",70,"27"
"TX","Guadalupe Valley Electric Coop",70,"14651"
"TX","Gulf Coast Broadband",70,"1254"
"TX","HallsNet",70,"336"
"TX","One Ring Networks",70,"93"
"TX","OneSource Communications",70,"41"
"TX","Rise Broadband",70,"93988"
"TX","Skynet Country Inc",70,"7576"
"TX","Southwest Texas Communications",70,"3"
"TX","Totelcom",70,"1263"
"TX","TWN Communications",70,"239621"
"TX","Valley Telephone Cooperative, Inc.",70,"203"
"TX","VTX Communications, LLC",70,"42292"
"TX","Webatron Internet Solutions Inc",70,"2"
"TX","Web Fire Communications, Inc.",70,"22540"
"TX","Wifires Internet",70,"20"
"TX","AT&T Inc",71,"677"
"TX","Comcell",71,"126520"
"TX","Etex Communications",71,"1259"
"TX","Guadalupe Valley Electric Coop",71,"16788"
"TX","One Ring Networks",71,"4"
"TX","Panhandle Telephone",71,"309"
"TX","Peoples Communications",71,"1"
"TX","Plateau Telecommunications Incorporated",71,"657"
"TX","T-Mobile US",71,"3371407"
"TX","Valley Telephone Cooperative, Inc.",71,"54"
"TX","VTX Communications, LLC",71,"7544"
"TX","West Central Wireless",71,"33328"
"TX","Gulf Coast Broadband",72,"999"
"TX","Rise Broadband",72,"6033"
"UT","Allstream Business US, LLC",10,"1"
"UT","ATC Communications",10,"9"
"UT","Beehive Broadband",10,"304"
"UT","CenturyLink",10,"198165"
"UT","SOUTH CENTRAL COMMUNICATIONS",10,"343"
"UT","STRATA Networks",10,"2157"
"UT","TPx Communications",10,"2"
"UT","Union Telephone Company",10,"353"
"UT","CenturyLink",50,"53"
"UT","Quantum Fiber",50,"3"
"UT","Beehive Broadband",70,"549"
"UT","Blue Spring Broadband",70,"26"
"UT","Rise Broadband",70,"14370"
"UT","Choice Wireless",71,"1802"
"UT","T-Mobile US",71,"288634"
"UT","Rise Broadband",72,"31007"
"VA","Allied Telecom Group, LLC",10,"1"
"VA","Brightspeed",10,"187604"
"VA","Fusion",10,"3"
"VA","Highland Telephone Cooperative (HTC)",10,"12"
"VA","New Hope Telephone Cooperative",10,"686"
"VA","Pembroke Telephone Cooperative",10,"176"
"VA","TDS Telecom",10,"868"
"VA","TPx Communications",10,"1"
"VA","Verizon",10,"514930"
"VA","1 Point Communications",50,"5"
"VA","Allied Telecom Group, LLC",50,"3"
"VA","Brightspeed",50,"19"
"VA","Crown Castle Fiber LLC",50,"138"
"VA","UPN",50,"1"
"VA","1 Point Communications",70,"7"
"VA","infinaSky",70,"45"
"VA","RiverStreet Networks",70,"54"
"VA","Virginia Broadband  LLC",70,"8535"
"VA","T-Mobile US",71,"1029571"
"VT","Consolidated Communications",10,"107645"
"VT","FirstLight Fiber",10,"706"
"VT","Shoreham Telephone LLC",10,"1498"
"VT","TDS Telecom",10,"400"
"VT","Topsham Telephone Company",10,"1086"
"VT","New England Wireless Co.",70,"640"
"VT","Northern Connections",70,"571"
"VT","T-Mobile US",71,"134963"
"VT","VTel Wireless, Inc.",71,"127741"
"VT","NEW Alliance",72,"390"
"VT","New England Wireless Co.",72,"483"
"WA","CenturyLink",10,"471944"
"WA","Consolidated Communications",10,"1655"
"WA","Fusion",10,"2"
"WA","Kalama Telephone Company/Scatter Creek InfoNet",10,"301"
"WA","LocalTel Communications",10,"12"
"WA","Peerless Network",10,"1"
"WA","Quantum Fiber",10,"1"
"WA","Rally Networks",10,"60"
"WA","TDS Telecom",10,"1372"
"WA","Tenino Telephone Company/Scatter Creek InfoNet",10,"18"
"WA","TPx Communications",10,"7"
"WA","Ziply Fiber",10,"163310"
"WA","CenturyLink",50,"184"
"WA","Consolidated Communications",50,"946"
"WA","Crown Castle Fiber LLC",50,"1"
"WA","Intermax Networks",50,"2"
"WA","Quantum Fiber",50,"1"
"WA","Columbia iConnect",70,"3566"
"WA","LocalTel Communications",70,"16"
"WA","PocketiNet",70,"44684"
"WA","Public Utility District No.1 of Okanogan County",70,"1282"
"WA","Swift-Stream Internet",70,"3013"
"WA","Washington Broadband",70,"30"
"WA","Ziply Wireless",70,"8446"
"WA","Columbia iConnect",71,"307"
"WA","Inland Cellular LLC",71,"100"
"WA","NisquallyIndianTribe",71,"235"
"WA","T-Mobile US",71,"823704"
"WA","CenturyLink",72,"1"
"WI","Peerless Network",0,"1"
"WI","24-7 TELCOM, INC",10,"4"
"WI","AT&T Inc",10,"96084"
"WI","Belmont Telephone Company",10,"3"
"WI","Bevcomm",10,"60"
"WI","Brightspeed",10,"158179"
"WI","CenturyLink",10,"17861"
"WI","Indianhead Telephone Company",10,"342"
"WI","Nsight Telservices",10,"94"
"WI","Siren Telephone Company",10,"555"
"WI","TDS Telecom",10,"8719"
"WI","Xclutel Communications, LLC",10,"1"
"WI","COMMUNITY ANTENNA SYSTEM INC",40,"667"
"WI","Brightspeed",50,"21"
"WI","Brightspeed",70,"2511"
"WI","e-vergent",70,"44"
"WI","Fast AIr Internet| Inc",70,"110"
"WI","Jo-Carroll Energy, Inc. (NFP)",70,"1169"
"WI","Rise Broadband",70,"2251"
"WI","AT&T Inc",71,"265"
"WI","T-Mobile US",71,"787963"
"WV","Citynet LLC",10,"17"
"WV","TDS Telecom",10,"6"
"WV","War Telephone LLC",10,"375"
"WV","West Side Telecommunications",10,"39"
"WV","Windstream Pennsylvania, LLC.",10,"2"
"WV","Citynet LLC",50,"157"
"WV","Citynet LLC",70,"100"
"WV","New Era Broadband",70,"60"
"WV","T-Mobile US",71,"275118"
"WY","Advanced Communications Technology, Inc.",10,"10"
"WY","CenturyLink",10,"81940"
"WY","Dubois Telephone Exchange Inc.",10,"27"
"WY","Nemont",10,"40"
"WY","Range Telephone Cooperative Inc.",10,"356"
"WY","Silver Star Communications",10,"99"
"WY","TCT Internet (up to 5/1)",10,"34"
"WY","TCT Internet (Up to 5/1)",10,"84"
"WY","TCT Internet (Up to 5/1) Burlington",10,"48"
"WY","TCT Internet (Up to 5/1) Frannie Deaver",10,"55"
"WY","TCT Internet (Up to 5/1) Greybull Shell",10,"93"
"WY","TCT Internet (Up to 5/1) Hamilton Dome",10,"35"
"WY","TCT Internet (Up to 5/1) Hyattville",10,"12"
"WY","TCT Internet (Up to 5/1) Lovell",10,"86"
"WY","TCT Internet (Up to 5/1) Ten Sleep",10,"52"
"WY","Union Telephone Company",10,"451"
"WY","Wyoming.com",10,"74"
"WY","CenturyLink",50,"46"
"WY","Golden West Telecommunications",50,"1"
"WY","Quantum Fiber",50,"1"
"WY","Advanced Communications Technology, Inc.",70,"1039"
"WY","Dubois Telephone Exchange Inc.",70,"516"
"WY","Rise Broadband",70,"3203"
"WY","RT Communications Inc.",70,"1545"
"WY","Wyoming.com",70,"8613"
"WY","T-Mobile US",71,"80694"
"WY","Advanced Communications Technology, Inc.",72,"971"
